"Time","User","Attempts"
"5/1/2026 5:58:53 PM","fatimazahrauzmasami.pk/waqas.khan","1"
"5/1/2026 6:03:53 PM","fatimazahrauzmasami.pk/administrator","1"
"5/1/2026 6:03:53 PM","fatimazahrauzmasami.pk/waqas.khan","5"
"5/1/2026 6:03:53 PM","fatimazahrauzmasami.pk/uzma.sami","1"
"5/1/2026 6:13:53 PM","fatimazahrauzmasami.pk/administrator","1"
"5/1/2026 6:13:53 PM","fatimazahrauzmasami.pk/waqas.khan","5"
"5/1/2026 6:13:53 PM","fatimazahrauzmasami.pk/uzma.sami","2"
"5/1/2026 6:13:53 PM","uzma.sami","1"
"5/1/2026 6:18:52 PM","fatimazahrauzmasami.pk/administrator","1"
"5/1/2026 6:18:52 PM","fatimazahrauzmasami.pk/waqas.khan","5"
"5/1/2026 6:18:52 PM","fatimazahrauzmasami.pk/uzma.sami","2"
"5/1/2026 6:18:52 PM","uzma.sami","1"
"5/1/2026 6:23:52 PM","fatimazahrauzmasami.pk/administrator","1"
"5/1/2026 6:23:52 PM","fatimazahrauzmasami.pk/waqas.khan","5"
"5/1/2026 6:23:52 PM","fatimazahrauzmasami.pk/uzma.sami","2"
"5/1/2026 6:23:52 PM","uzma.sami","1"
"5/1/2026 6:28:53 PM","fatimazahrauzmasami.pk/administrator","1"
"5/1/2026 6:28:53 PM","fatimazahrauzmasami.pk/waqas.khan","4"
"5/1/2026 6:28:53 PM","fatimazahrauzmasami.pk/uzma.sami","2"
"5/1/2026 6:28:53 PM","uzma.sami","1"
"5/1/2026 6:33:52 PM","uzma.sami","1"
"5/1/2026 6:33:52 PM","fatimazahrauzmasami.pk/uzma.sami","1"
